1 Alex 1/ygn(N)111111 07-05-2002 Male Yangon alex@gmail.com 959100000001 1111 P@ssw1rd Business 16000 10000000 1000000 Receive_Money_from_Bob_$5000_at_Thu!Mar#30_17:45:04@2023 Receive_Money_from_Bob_$3000_at_Thu!Mar#30_20:39:38@2023
2 Bob 9/PaOoLa(N)222222 09-12-2000 Male Yangon bob@gmail.com 95922222222 1111 P@ssw0rd Business 5872000 10000000 1000000 Send_Money_to_Cara_$2000_at_Wed!Mar#29_23:45:14@2023 Send_Money_to_Emily_$2000_at_Thu!Mar#30_00:51:19@2023 Send_Money_to_Alex_$5000_at_Thu!Mar#30_17:45:04@2023 Send_Money_to_Emily_$50000_at_Thu!Mar#30_17:52:02@2023 Send_Money_to_Alex_$3000_at_Thu!Mar#30_20:39:38@2023 Send_Money_to_Fork_$20000_at_Thu!Mar#30_20:42:15@2023
3 Cara null null null null cara@gmail.com 95933333333 1111 P@ssw0rd Personal 22000 1000000 100000 Receive_Money_from_Bob_$2000_at_Wed!Mar#29_23:45:14@2023
4 David null null null null david@gmail.com 959111111111 1111 P@ssw0rd Personal 13000 1000000 100000 Receive_Money_from_Bob_$2000_at_Thu!Mar#30_01:28:11@2023
5 Emily null null null null emily@gmail.com 959200000002 1111 P@ssw0rd Personal 112000 1000000 100000 Receive_Money_from_Bob_$2000_at_Thu!Mar#30_00:51:19@2023 Receive_Money_from_Bob_$50000_at_Thu!Mar#30_17:52:02@2023
6 Fork null null null null fork@gmail.com 959822222211 1111 P@ssw0rd Personal 30000 1000000 100000 Receive_Money_from_Bob_$20000_at_Thu!Mar#30_20:42:15@2023
